{
	"GameObject": {
		"Transform": {
			"Position": {
				"x": 1386.0,
				"y": 672.0
			},
			"Scale": {
				"x": 1.0,
				"y": 1.0
			},
			"Rotation": 0.0
		},
		"Name": "Generated",
		"ZIndex": 10,
		"Components": {
			"Sprite": {
				"isSubsprite": true,
				"FilePath": "assets/spikes.png",
				"row": 0,
				"column": 0,
				"index": 0
			},
			"TriangleBounds": {
				"Base": 42.0,
				"Height": 42.0
			}
		}
	},
	"GameObject": {
		"Transform": {
			"Position": {
				"x": 1428.0,
				"y": 672.0
			},
			"Scale": {
				"x": 1.0,
				"y": 1.0
			},
			"Rotation": 0.0
		},
		"Name": "Generated",
		"ZIndex": 10,
		"Components": {
			"Sprite": {
				"isSubsprite": true,
				"FilePath": "assets/spikes.png",
				"row": 0,
				"column": 0,
				"index": 0
			},
			"TriangleBounds": {
				"Base": 42.0,
				"Height": 42.0
			}
		}
	},
	"GameObject": {
		"Transform": {
			"Position": {
				"x": 1470.0,
				"y": 672.0
			},
			"Scale": {
				"x": 1.0,
				"y": 1.0
			},
			"Rotation": 90.0
		},
		"Name": "Generated",
		"ZIndex": 10,
		"Components": {
			"Sprite": {
				"isSubsprite": true,
				"FilePath": "assets/spikes.png",
				"row": 0,
				"column": 0,
				"index": 0
			},
			"TriangleBounds": {
				"Base": 42.0,
				"Height": 42.0
			}
		}
	},
	"GameObject": {
		"Transform": {
			"Position": {
				"x": 1470.0,
				"y": 672.0
			},
			"Scale": {
				"x": 1.0,
				"y": 1.0
			},
			"Rotation": -90.0
		},
		"Name": "Generated",
		"ZIndex": 10,
		"Components": {
			"Sprite": {
				"isSubsprite": true,
				"FilePath": "assets/spikes.png",
				"row": 0,
				"column": 0,
				"index": 0
			},
			"TriangleBounds": {
				"Base": 42.0,
				"Height": 42.0
			}
		}
	},
	"GameObject": {
		"Transform": {
			"Position": {
				"x": 1470.0,
				"y": 672.0
			},
			"Scale": {
				"x": 1.0,
				"y": 1.0
			},
			"Rotation": 0.0
		},
		"Name": "Generated",
		"ZIndex": 10,
		"Components": {
			"Sprite": {
				"isSubsprite": true,
				"FilePath": "assets/spikes.png",
				"row": 0,
				"column": 0,
				"index": 0
			},
			"TriangleBounds": {
				"Base": 42.0,
				"Height": 42.0
			}
		}
	}
}