{
	"GameObject": {
		"Transform": {
			"Position": {
				"x": 840.0,
				"y": 672.0
			},
			"Scale": {
				"x": 1.0,
				"y": 1.0
			},
			"Rotation": 0.0
		},
		"Name": "Generated",
		"ZIndex": 10,
		"Components": {
			"Sprite": {
				"isSubsprite": true,
				"FilePath": "assets/groundSprites.png",
				"row": 0,
				"column": 0,
				"index": 0
			},
			"BoxBounds": {
				"Width": 42.0,
				"Height": 42.0
			}
		}
	},
	"GameObject": {
		"Transform": {
			"Position": {
				"x": 924.0,
				"y": 672.0
			},
			"Scale": {
				"x": 1.0,
				"y": 1.0
			},
			"Rotation": 0.0
		},
		"Name": "Generated",
		"ZIndex": 10,
		"Components": {
			"Sprite": {
				"isSubsprite": true,
				"FilePath": "assets/groundSprites.png",
				"row": 0,
				"column": 0,
				"index": 0
			},
			"BoxBounds": {
				"Width": 42.0,
				"Height": 42.0
			}
		}
	},
	"GameObject": {
		"Transform": {
			"Position": {
				"x": 882.0,
				"y": 672.0
			},
			"Scale": {
				"x": 1.0,
				"y": 1.0
			},
			"Rotation": 0.0
		},
		"Name": "Generated",
		"ZIndex": 10,
		"Components": {
			"Sprite": {
				"isSubsprite": true,
				"FilePath": "assets/groundSprites.png",
				"row": 0,
				"column": 0,
				"index": 0
			},
			"BoxBounds": {
				"Width": 42.0,
				"Height": 42.0
			}
		}
	},
	"GameObject": {
		"Transform": {
			"Position": {
				"x": 966.0,
				"y": 672.0
			},
			"Scale": {
				"x": 1.0,
				"y": 1.0
			},
			"Rotation": 0.0
		},
		"Name": "Generated",
		"ZIndex": 10,
		"Components": {
			"Sprite": {
				"isSubsprite": true,
				"FilePath": "assets/groundSprites.png",
				"row": 0,
				"column": 0,
				"index": 0
			},
			"BoxBounds": {
				"Width": 42.0,
				"Height": 42.0
			}
		}
	},
	"GameObject": {
		"Transform": {
			"Position": {
				"x": 1008.0,
				"y": 672.0
			},
			"Scale": {
				"x": 1.0,
				"y": 1.0
			},
			"Rotation": 0.0
		},
		"Name": "Generated",
		"ZIndex": 10,
		"Components": {
			"Sprite": {
				"isSubsprite": true,
				"FilePath": "assets/groundSprites.png",
				"row": 0,
				"column": 0,
				"index": 0
			},
			"BoxBounds": {
				"Width": 42.0,
				"Height": 42.0
			}
		}
	},
	"GameObject": {
		"Transform": {
			"Position": {
				"x": 1050.0,
				"y": 672.0
			},
			"Scale": {
				"x": 1.0,
				"y": 1.0
			},
			"Rotation": 0.0
		},
		"Name": "Generated",
		"ZIndex": 10,
		"Components": {
			"Sprite": {
				"isSubsprite": true,
				"FilePath": "assets/groundSprites.png",
				"row": 0,
				"column": 0,
				"index": 0
			},
			"BoxBounds": {
				"Width": 42.0,
				"Height": 42.0
			}
		}
	}
}