{
	"GameObject": {
		"Transform": {
			"Position": {
				"x": 756.0,
				"y": 630.0
			},
			"Scale": {
				"x": 1.0,
				"y": 1.0
			},
			"Rotation": 0.0
		},
		"Name": "Generated",
		"ZIndex": 10,
		"Components": {
			"Sprite": {
				"isSubsprite": true,
				"FilePath": "assets/portal.png",
				"row": 0,
				"column": 0,
				"index": 0
			},
			"BoxBounds": {
				"Width": 44.0,
				"Height": 85.0,
				"isTrigger": true
			},
			"Portal": {
				"StateChanger": 1
			}
		}
	},
	"GameObject": {
		"Transform": {
			"Position": {
				"x": 1092.0,
				"y": 630.0
			},
			"Scale": {
				"x": 1.0,
				"y": 1.0
			},
			"Rotation": 0.0
		},
		"Name": "Generated",
		"ZIndex": 10,
		"Components": {
			"Sprite": {
				"isSubsprite": true,
				"FilePath": "assets/portal.png",
				"row": 0,
				"column": 1,
				"index": 1
			},
			"BoxBounds": {
				"Width": 44.0,
				"Height": 85.0,
				"isTrigger": true
			},
			"Portal": {
				"StateChanger": 0
			}
		}
	}
}