{
	"GameObject": {
		"Transform": {
			"Position": {
				"x": 588.0,
				"y": 210.0
			},
			"Scale": {
				"x": 1.0,
				"y": 1.0
			},
			"Rotation": 0.0
		},
		"Name": "Generated",
		"Components": {
			"Sprite": {
				"isSubsprite": true,
				"FilePath": "assets/groundSprites.png",
				"row": 0,
				"column": 1,
				"index": 1
			}
		}
	},
	"GameObject": {
		"Transform": {
			"Position": {
				"x": 672.0,
				"y": 294.0
			},
			"Scale": {
				"x": 1.0,
				"y": 1.0
			},
			"Rotation": 0.0
		},
		"Name": "Generated",
		"Components": {
			"Sprite": {
				"isSubsprite": true,
				"FilePath": "assets/groundSprites.png",
				"row": 0,
				"column": 2,
				"index": 2
			}
		}
	}
}